date,time,lat,lon,depth,ML,nstn,dmin,gap,trms,ERH,ERZ,fixed,nph,quality
2007-07-23,13:40:02.44,23.7162,121.6357,38.63,5.77,72,9.80,107,0.19,0.20,0.10,F,118,B
2007-08-09,00:55:47.36,22.6495,121.0845,5.51,5.68,68,13.20,73,0.24,0.10,0.10,F,101,C
2007-10-11,03:05:01.70,24.7487,121.8503,79.98,5.23,62,10.60,76,0.22,0.20,0.20,F,114,B
2007-10-17,14:40:00.03,23.5005,121.6123,42.06,5.41,66,24.30,104,0.25,0.30,0.20,F,115,B
2007-11-28,21:05:13.72,24.7812,121.9758,69.11,5.39,70,23.20,70,0.26,0.30,0.20,F,105,B
2007-12-05,01:41:42.53,23.0747,121.1868,11.33,5.12,68,18.40,49,0.23,0.10,0.20,F,112,B
2008-02-17,20:33:02.32,23.3065,121.4613,28.30,5.43,71,17.50,90,0.21,0.20,0.20,F,104,B
2008-03-04,17:31:47.48,23.2067,120.6957,11.32,5.22,71,8.00,34,0.19,0.10,0.10,F,104,B
2008-04-14,15:39:44.45,22.8342,121.3333,27.19,5.11,70,21.10,76,0.24,0.10,0.10,F,110,B
2008-04-23,18:28:41.95,22.8723,121.6790,11.06,5.64,73,30.80,133,0.20,0.30,0.30,F,106,C
2008-04-23,22:04:15.52,22.8337,121.6878,13.29,5.21,72,28.60,120,0.21,0.20,0.30,F,126,C
2008-05-13,18:27:55.34,22.7658,121.0410,6.97,5.04,68,6.80,44,0.24,0.20,0.10,F,100,B
2008-06-01,16:59:23.74,24.8608,121.7903,92.31,5.83,69,11.40,49,0.19,0.20,0.20,F,111,B
2008-08-01,18:55:49.32,24.0478,121.5255,21.09,5.08,66,8.90,57,0.23,0.20,0.20,F,98,B
2008-12-02,03:16:54.23,23.3380,121.4857,31.67,5.68,69,18.50,98,0.24,0.20,0.20,F,104,B
2008-12-23,00:04:43.82,22.9457,120.5510,17.09,5.32,69,15.50,65,0.22,0.10,0.20,F,107,B
2009-01-03,22:04:34.97,24.1535,121.7332,7.46,5.10,68,15.30,128,0.24,0.20,0.30,F,108,C
2009-04-17,12:37:48.89,23.9170,121.6815,43.43,5.33,70,9.50,99,0.18,0.20,0.10,F,111,B
2009-06-28,09:34:56.19,24.1823,121.7533,12.88,5.26,68,13.90,109,0.20,0.20,0.20,F,100,B
2009-07-26,01:00:12.37,23.6853,120.9567,14.29,5.35,70,21.90,31,0.20,0.10,0.10,F,106,B
2009-07-26,06:10:59.79,23.4292,121.3178,12.52,5.38,70,8.30,99,0.21,0.10,0.10,F,106,B
2009-07-29,16:53:06.06,22.0537,120.4825,41.33,5.75,71,27.60,203,0.21,0.30,0.30,F,111,C
2009-08-21,20:57:44.74,22.3640,120.4640,24.27,5.07,60,9.90,117,0.27,0.20,0.20,F,85,B
2009-10-03,17:36:06.28,23.6475,121.5790,29.15,6.09,71,7.40,88,0.20,0.30,0.20,F,94,B
2009-10-22,23:05:05.13,22.6850,121.4883,104.03,5.14,62,2.30,176,0.23,0.30,0.30,F,118,C
2009-11-05,09:32:57.66,23.7890,120.7187,24.08,6.15,75,10.10,49,0.18,0.10,0.10,F,101,B
2009-11-05,11:34:21.26,23.7688,120.7552,23.95,5.74,75,13.50,36,0.17,0.10,0.10,F,107,B
2009-11-21,17:27:51.26,24.2223,121.7623,66.89,5.00,69,9.50,96,0.20,0.20,0.20,F,119,B
2009-12-19,13:02:16.34,23.7880,121.6633,43.78,6.92,70,14.80,100,0.16,0.30,0.20,F,91,B
2010-01-04,19:27:37.38,24.1842,121.8328,46.05,5.46,73,16.10,102,0.22,0.20,0.10,F,127,B
2010-01-19,06:09:26.79,23.8215,121.6758,41.01,5.61,76,18.00,99,0.24,0.20,0.20,F,129,B
2010-02-12,02:42:38.62,23.8972,121.0772,18.39,5.23,73,17.30,30,0.23,0.10,0.20,F,116,B
2010-03-04,00:18:52.14,22.9692,120.7067,22.64,6.42,75,17.10,38,0.20,0.10,0.20,F,91,B
2010-03-04,08:16:16.34,22.9578,120.6345,19.02,5.72,76,14.30,48,0.19,0.10,0.10,F,110,B
2010-03-26,23:07:54.27,24.0977,121.6810,58.85,5.23,74,8.00,100,0.23,0.30,0.20,F,122,B
2010-06-15,00:31:17.99,24.0428,121.6212,16.73,5.53,75,4.50,88,0.30,0.30,0.20,F,112,B
2010-06-26,18:05:51.80,24.6502,121.5610,67.96,5.11,75,1.90,34,0.16,0.10,0.20,F,123,B
2010-07-02,19:11:32.40,22.8550,120.6817,17.80,5.14,76,13.00,32,0.20,0.10,0.10,F,117,B
2010-07-17,09:04:17.22,23.4520,121.7375,39.97,5.22,74,34.30,119,0.41,0.80,1.30,F,134,B
2010-07-25,03:52:10.21,22.8388,120.6935,19.60,5.65,74,11.80,28,0.20,0.10,0.10,F,109,B
2010-08-21,16:38:00.03,23.5845,121.5887,40.15,5.32,75,14.30,92,0.30,0.40,0.30,F,114,C
2010-09-20,03:17:08.05,23.6793,121.6182,36.23,5.08,65,7.90,98,0.20,0.20,0.20,F,90,B
2010-09-28,17:33:53.18,24.1257,121.6965,9.01,5.02,71,10.50,121,0.24,0.20,0.20,F,108,B
2010-10-02,19:23:12.36,24.3585,121.7992,19.38,5.09,73,7.60,99,0.23,0.20,0.10,F,115,B
2010-11-08,13:01:20.95,23.2053,120.4137,17.46,5.16,70,11.10,29,0.17,0.10,0.10,F,110,B
2010-11-12,15:39:00.61,22.1872,120.6145,37.99,5.34,69,20.30,161,0.23,0.20,0.20,F,113,C
2010-11-21,12:31:45.64,23.8525,121.6857,46.87,6.14,76,15.50,92,0.17,0.30,0.20,F,100,B
2010-12-06,02:14:12.40,23.6777,121.4260,24.84,5.16,73,12.80,91,0.25,0.20,0.20,F,107,B
2010-12-07,02:46:14.92,22.9640,121.3693,40.51,5.05,69,14.80,97,0.24,0.30,0.20,F,117,B
2011-02-01,08:16:31.54,24.2087,121.8047,18.34,5.46,77,12.30,102,0.23,0.30,0.10,F,108,B
2011-03-20,08:00:51.19,22.4420,121.3805,27.46,5.77,77,27.20,86,0.31,0.20,0.40,F,98,B
2011-04-30,08:35:38.35,24.6503,121.8085,75.02,5.81,74,7.00,61,0.17,0.10,0.20,F,125,B
2011-05-03,15:52:34.41,23.9345,121.7053,41.15,5.22,76,10.40,103,0.22,0.20,0.10,F,118,B
2011-06-02,17:07:52.33,22.2622,121.3420,22.23,5.22,74,33.30,107,0.22,0.20,0.50,F,95,B
2011-06-10,01:25:22.11,23.5893,121.5855,34.87,5.07,73,13.70,105,0.24,0.30,0.20,F,102,B
2011-06-26,13:19:14.12,23.8450,120.9972,14.78,5.01,74,9.90,36,0.23,0.10,0.10,F,123,B
2011-07-12,11:17:10.97,23.5122,121.5243,31.23,5.28,74,20.00,94,0.22,0.30,0.20,F,96,B
2011-09-21,22:18:33.38,24.0865,121.6728,17.18,5.13,75,6.90,93,0.23,0.20,0.10,F,118,B
2012-02-26,02:35:00.43,22.7523,120.7547,26.31,6.35,99,27.40,43,0.34,0.20,0.20,F,163,C
2012-03-21,23:44:38.28,23.2512,121.5855,42.50,5.03,99,27.50,116,0.22,0.20,0.20,F,188,B
2012-04-19,01:58:08.57,24.1345,121.6692,29.09,5.46,99,8.70,96,0.26,0.10,0.10,F,195,B
2012-04-27,14:48:35.79,23.7938,121.7340,44.26,5.01,99,18.20,103,0.24,0.30,0.10,F,185,B
2012-06-06,01:08:34.74,22.4387,121.4198,18.43,5.89,99,27.00,106,0.30,0.20,0.50,F,167,C
2012-06-14,16:15:13.37,23.7103,121.5445,6.46,5.34,99,12.80,105,0.30,0.10,0.20,F,185,C
2012-08-14,10:55:43.35,24.0527,121.5113,21.83,5.18,99,10.00,56,0.25,0.10,0.10,F,198,B
2012-08-17,20:20:02.97,23.3753,121.4848,26.00,5.20,99,18.50,95,0.24,0.10,0.10,F,166,B
2012-08-31,12:11:39.63,24.7240,120.8778,10.01,5.04,99,13.30,67,0.25,0.10,0.20,F,192,B
2012-09-04,20:00:18.32,22.2197,121.0337,9.91,5.22,99,20.10,107,0.23,0.10,0.20,F,187,C
2012-10-25,10:31:17.59,22.4283,120.3675,40.73,5.44,99,8.70,63,0.30,0.30,0.30,F,153,B
2012-11-20,17:09:01.67,22.4668,121.3558,26.86,5.40,99,37.70,98,0.33,0.20,0.20,F,162,C
2012-12-02,17:45:36.94,23.9817,121.5777,11.79,5.02,99,3.70,66,0.25,0.20,0.20,F,220,B
2012-12-30,16:03:25.79,23.4663,120.9072,4.41,5.28,99,5.80,28,0.25,0.10,0.10,F,235,B
2013-01-17,08:30:41.85,24.4390,121.9785,13.65,5.08,99,19.50,96,0.29,0.20,0.20,F,159,B
2013-02-02,03:39:52.44,23.7472,121.9782,35.04,5.60,99,42.10,103,0.30,0.30,0.20,F,233,B
2013-03-07,03:36:45.68,24.3008,121.4573,5.55,5.87,99,10.70,54,0.33,0.10,0.20,F,204,C
2013-03-12,09:03:44.83,24.3612,121.7842,51.88,5.04,99,8.00,92,0.21,0.20,0.10,F,209,B
2013-03-27,02:03:19.63,23.9022,121.0527,19.43,6.24,99,13.80,22,0.22,0.10,0.10,F,221,B
2013-03-27,02:04:05.92,23.9202,121.0522,19.36,5.00,22,13.20,64,0.22,0.20,0.20,F,35,B
2013-06-01,20:32:23.50,22.0427,121.2678,31.53,5.01,99,29.80,165,0.36,0.20,0.30,F,169,C
2013-06-02,05:43:03.21,23.8615,120.9742,14.54,6.48,99,7.10,18,0.24,0.10,0.10,F,243,B
2013-07-16,10:11:35.00,24.2772,121.4973,4.92,5.45,99,7.90,57,0.32,0.10,0.20,F,196,C
2013-07-24,15:32:15.04,23.9058,121.5292,10.59,5.03,99,11.50,103,0.31,0.20,0.20,F,220,C
2013-10-31,12:02:09.54,23.5662,121.3485,14.98,6.42,99,7.20,66,0.28,0.10,0.10,F,236,B
2013-10-31,15:47:28.45,23.6313,121.4255,10.08,5.07,99,4.20,117,0.31,0.20,0.10,F,219,C
2014-01-14,18:38:12.98,22.8935,121.0812,8.29,5.05,99,8.40,71,0.33,0.10,0.20,F,193,C
2014-01-14,19:50:05.52,22.8822,121.0808,8.43,5.09,99,7.10,58,0.32,0.10,0.10,F,206,B
2014-02-21,20:25:17.00,24.6990,121.6012,60.90,5.60,99,7.00,42,0.37,0.50,0.50,F,252,A
2014-03-15,20:04:36.77,22.2337,121.3858,19.72,5.09,99,28.00,112,0.35,0.20,0.40,F,207,C
2014-05-04,12:43:36.00,23.9355,121.6453,35.98,5.23,99,5.50,107,0.29,0.30,0.20,F,222,B
2014-05-21,00:21:13.95,23.7350,121.4325,16.45,5.99,99,7.30,99,0.34,0.20,0.10,F,218,C
2014-05-25,12:41:13.24,23.0638,121.1623,12.74,5.04,99,19.60,49,0.41,0.10,0.20,F,223,C
2014-07-17,06:11:54.15,22.2667,121.3500,19.08,5.27,99,33.20,108,0.44,0.20,0.30,F,209,C
2014-08-06,03:46:07.46,22.1960,121.4288,84.18,5.05,99,22.00,122,0.33,0.20,0.20,F,222,C
2014-09-25,10:35:03.02,22.7915,121.2677,18.00,5.34,99,12.30,46,0.34,0.10,0.10,F,255,B
2014-10-07,18:08:10.26,23.6385,121.5798,33.39,5.15,99,15.90,87,0.31,0.20,0.20,F,237,B
2014-12-31,03:06:04.57,24.8245,121.7878,68.85,5.07,99,5.40,58,0.23,0.10,0.10,F,236,B
2015-01-07,04:48:32.84,24.2598,121.6915,30.40,5.48,99,13.70,98,0.29,0.10,0.10,F,256,B
2015-01-19,03:48:33.74,22.8673,121.5757,117.90,5.04,99,24.10,128,0.33,0.30,0.20,F,270,C
2015-02-13,20:06:31.83,22.6582,121.3967,27.78,6.28,99,7.60,92,0.33,0.20,0.10,F,217,C
2015-03-23,10:13:51.62,23.7257,121.6707,38.40,6.19,99,25.20,96,0.26,0.20,0.10,F,281,B
2015-04-20,11:20:47.25,23.6600,121.6587,38.34,5.50,99,23.60,96,0.27,0.20,0.20,F,295,B
2015-09-01,13:24:45.65,23.9148,121.4913,17.09,5.46,99,5.60,72,0.29,0.10,0.10,F,266,B
2015-09-15,19:37:35.49,24.2478,121.8198,19.78,5.69,99,9.80,104,0.25,0.10,0.10,F,285,B
2015-09-16,13:08:59.75,24.2847,121.8285,20.16,5.61,99,8.50,105,0.24,0.10,0.10,F,277,B
2015-10-12,11:14:47.50,22.4463,121.4722,20.52,5.22,99,25.10,103,0.36,0.20,0.20,F,247,C
2015-10-13,11:49:04.65,23.4845,121.6475,49.09,5.46,99,22.80,122,0.27,0.20,0.20,F,239,B
2015-11-01,21:09:42.81,22.7322,121.5837,18.81,5.88,99,13.40,134,0.32,0.20,0.10,F,228,C
2015-12-03,14:31:13.88,22.6040,121.3862,25.89,5.34,99,11.50,112,0.31,0.20,0.20,F,213,C
2016-01-11,04:52:57.55,23.4338,121.5307,33.15,5.25,99,12.70,118,0.30,0.20,0.10,F,222,B
2016-01-19,02:13:26.83,22.7870,121.3125,29.72,5.80,99,16.50,66,0.24,0.10,0.10,F,303,B
2016-02-05,19:58:28.92,22.9418,120.4332,18.10,5.26,15,8.80,81,0.37,0.60,0.60,F,18,B
2016-02-05,19:57:26.08,22.9220,120.5438,14.64,6.60,99,6.50,26,0.31,0.10,0.20,F,293,B
2016-02-09,00:47:00.62,23.8883,121.6920,5.69,5.12,99,9.30,114,0.42,0.20,0.10,F,232,C
2016-02-18,01:18:31.99,23.0265,120.8762,4.26,5.13,99,18.60,19,0.37,0.10,0.30,F,267,C
2016-02-18,01:09:39.02,23.0163,120.8693,5.44,5.27,99,19.20,18,0.36,0.10,0.30,F,280,C
2016-04-16,10:55:46.52,22.4432,121.8015,11.83,5.22,99,42.50,197,0.35,0.20,0.40,F,296,D
2016-04-27,15:17:14.42,24.2372,121.7840,11.94,5.67,99,8.60,109,0.27,0.20,0.10,F,271,B
2016-04-27,15:27:38.59,24.2527,121.7490,12.99,5.13,99,6.10,113,0.27,0.20,0.10,F,231,B
2016-04-27,18:19:06.23,23.2832,121.2333,15.21,5.52,99,10.50,56,0.35,0.10,0.20,F,228,B
2016-05-12,03:17:15.05,24.6918,121.9803,8.86,6.10,99,15.30,101,0.32,0.10,0.20,F,258,C
2016-05-13,08:24:12.01,24.6838,121.9845,9.77,5.24,99,15.20,95,0.37,0.10,0.30,F,233,C
2016-05-14,03:32:48.30,24.1732,121.7703,11.60,5.01,99,15.00,114,0.38,0.10,0.20,F,235,C
2016-05-18,00:22:45.83,23.2162,121.5735,45.75,5.24,99,16.70,112,0.26,0.30,0.20,F,309,B
2016-05-21,20:51:40.90,22.9025,120.6100,18.13,5.26,99,10.70,27,0.30,0.10,0.10,F,321,B
2016-06-20,00:39:47.47,23.1632,121.5335,39.39,5.07,99,17.90,104,0.29,0.30,0.20,F,314,B
2016-10-06,15:52:00.51,22.6270,121.3438,23.70,6.15,99,13.80,92,0.37,0.20,0.20,F,238,C
2016-10-25,04:45:52.38,22.6543,121.3502,23.69,5.30,99,12.40,82,0.41,0.10,0.20,F,223,B
2016-11-07,11:56:26.07,23.0295,121.3433,20.45,5.07,99,7.50,99,0.26,0.20,0.10,F,300,B
2016-11-30,12:04:34.48,22.8317,121.2683,11.84,5.07,99,14.50,60,0.31,0.10,0.20,F,266,C
2016-12-15,14:14:29.55,22.8465,121.2688,11.39,5.17,99,14.30,69,0.35,0.20,0.20,F,209,C
2017-02-10,17:12:52.56,22.8657,120.1432,16.15,5.71,99,15.50,97,0.30,0.30,0.10,F,321,B
2017-05-15,23:12:54.53,23.2797,121.4328,24.91,5.75,99,4.50,112,0.33,0.10,0.10,F,273,C
2017-05-24,13:10:54.35,23.4193,120.5117,12.43,5.13,99,9.70,16,0.21,0.10,0.10,F,358,B
2017-06-21,07:25:39.05,24.6560,121.9227,62.80,5.09,99,8.30,82,0.23,0.20,0.10,F,223,B
2017-09-20,14:29:56.98,23.3162,121.7813,28.98,5.85,99,33.70,122,0.31,0.30,0.20,F,296,C
2017-11-03,02:48:59.58,23.0025,120.9545,6.21,5.15,99,20.80,29,0.40,0.10,0.30,F,251,C
2017-11-03,23:34:48.21,23.5528,121.5548,29.98,5.29,99,14.90,92,0.29,0.20,0.20,F,274,B
2017-11-11,12:22:53.52,23.6357,120.7082,14.91,5.20,99,15.00,16,0.25,0.10,0.10,F,315,B
2017-11-22,14:20:09.40,23.5842,120.7217,15.24,5.66,99,4.70,16,0.26,0.10,0.10,F,278,B
2017-11-23,20:55:32.22,23.5898,120.7100,16.41,5.03,99,3.40,15,0.25,0.10,0.10,F,325,B
2018-02-04,14:13:12.44,24.1505,121.7165,10.34,5.58,99,9.50,97,0.35,0.10,0.10,F,301,C
2018-02-04,13:57:42.38,24.1728,121.7058,10.23,5.28,49,8.60,172,0.31,0.30,0.20,F,87,C
2018-02-04,13:56:40.64,24.1507,121.7437,10.61,5.89,99,12.30,92,0.40,0.20,0.20,F,241,C
2018-02-04,13:12:52.11,24.2055,121.6992,2.99,5.35,99,9.30,84,0.61,0.40,0.30,F,341,B
2018-02-05,15:58:41.28,24.1062,121.7352,8.32,5.04,99,12.80,98,0.33,0.10,0.20,F,271,C
2018-02-06,19:15:28.68,24.0105,121.7272,5.65,5.46,99,14.70,100,0.32,0.20,0.30,F,267,C
2018-02-06,18:07:39.00,24.0402,121.7092,4.17,5.39,99,11.50,95,0.34,0.20,0.10,F,291,C
2018-02-06,18:00:13.37,24.1157,121.7290,6.69,5.38,99,11.80,103,0.34,0.10,0.20,F,290,C
2018-02-06,15:50:41.62,24.1007,121.7297,6.31,6.26,99,12.60,106,0.28,0.20,0.20,F,191,B
2018-02-06,05:09:14.89,24.1860,121.7195,10.73,5.09,99,10.30,86,0.32,0.20,0.10,F,262,B
2018-02-07,15:21:30.44,24.0818,121.7770,7.75,5.85,99,17.50,85,0.30,0.10,0.10,F,319,C
2018-02-07,13:06:40.52,24.0790,121.7710,7.18,5.14,99,16.90,83,0.31,0.10,0.10,F,296,C
2018-02-07,11:13:05.89,24.0000,121.7295,8.24,5.03,99,12.10,86,0.28,0.10,0.20,F,256,B
2018-02-07,03:36:18.46,24.0810,121.7382,7.42,5.17,99,13.60,93,0.35,0.10,0.20,F,283,C
2018-02-08,00:54:17.06,23.9680,121.5807,11.54,5.07,99,3.40,69,0.32,0.10,0.10,F,335,B
2018-02-19,14:47:01.29,24.5878,121.6137,52.68,5.53,99,6.80,21,0.23,0.20,0.10,F,297,B
2018-02-21,23:10:41.38,23.4130,121.5337,35.57,5.66,99,13.60,99,0.30,0.20,0.20,F,287,C
2018-02-25,18:28:40.89,24.4313,121.8958,22.11,5.45,99,12.00,64,0.28,0.10,0.10,F,300,B
2018-03-20,09:22:56.29,23.2982,120.5407,11.21,5.31,99,5.50,14,0.29,0.10,0.10,F,300,B
2018-03-29,00:17:50.31,24.0042,121.0147,11.08,5.00,99,5.90,14,0.31,0.10,0.10,F,299,B
2018-06-15,20:53:55.21,24.6663,121.8367,63.21,5.33,99,6.90,41,0.23,0.10,0.10,F,303,B
2018-08-18,00:15:17.26,24.0147,121.0013,17.99,5.21,99,4.50,17,0.32,0.10,0.10,F,310,B
2018-12-09,15:15:41.33,24.0518,121.5170,19.68,5.16,99,9.50,30,0.29,0.10,0.10,F,278,B
2018-12-12,13:24:23.76,23.9062,121.5233,12.37,5.09,99,7.30,73,0.31,0.10,0.10,F,281,B
2018-12-15,21:21:05.48,23.7340,121.9102,32.87,5.80,99,35.90,128,0.27,0.30,0.20,F,268,B
2019-01-08,12:16:46.27,23.2440,121.5333,34.03,5.49,99,11.60,117,0.30,0.20,0.10,F,289,B
2019-01-22,03:19:26.66,22.2278,121.3925,21.48,5.07,99,27.10,110,0.35,0.20,0.40,F,294,C
2019-02-07,16:52:04.83,23.2605,120.6057,13.71,5.07,99,2.50,18,0.31,0.10,0.10,F,279,B
2019-02-15,14:08:07.11,23.7977,121.7483,45.60,5.17,99,18.90,120,0.26,0.20,0.20,F,290,B
2019-03-08,02:32:14.45,22.4375,121.3977,24.08,5.36,99,27.10,109,0.36,0.20,0.20,F,270,C
2019-03-13,04:32:34.97,23.5950,121.5887,35.91,5.42,99,13.20,109,0.32,0.20,0.10,F,284,C
2019-04-03,01:52:55.39,22.9373,120.8683,4.87,5.95,99,25.40,21,0.51,0.30,0.30,F,288,C
2019-04-04,01:56:55.14,22.9827,120.8630,3.48,5.51,99,22.10,34,0.43,0.10,0.30,F,289,C
2019-04-09,15:13:21.89,23.9835,121.5677,11.65,5.12,99,4.80,60,0.34,0.10,0.10,F,277,B
2019-04-09,22:57:52.35,24.1873,121.8787,25.67,5.03,99,18.80,84,0.32,0.10,0.10,F,284,B
2019-04-18,05:01:07.11,24.0543,121.5592,20.33,6.32,99,5.50,63,0.33,0.20,0.10,F,321,B
2019-05-13,08:55:21.39,24.7522,121.9005,87.98,5.20,99,10.90,71,0.27,0.20,0.10,F,284,B
2019-06-04,09:46:18.99,22.8423,121.6117,14.68,5.93,99,23.70,117,0.33,0.20,0.30,F,245,C
2019-08-06,01:19:48.74,23.6725,121.5303,4.57,5.10,99,4.30,99,0.34,0.10,0.10,F,263,C
2019-08-07,21:28:03.56,24.4363,121.9097,24.15,6.24,99,13.40,65,0.26,0.10,0.10,F,301,B
2019-12-16,11:25:57.69,24.5418,121.7618,49.73,5.25,99,9.10,43,0.26,0.10,0.10,F,276,B
2020-02-03,17:02:56.84,23.5662,121.5282,33.32,5.19,99,13.40,107,0.31,0.10,0.10,F,262,C
2020-02-15,19:20:13.85,23.8468,121.5237,8.70,5.10,99,7.70,77,0.30,0.10,0.10,F,281,B
2020-02-15,11:05:00.48,23.8482,121.5212,9.05,5.31,99,7.90,77,0.31,0.10,0.10,F,305,B
2020-02-15,11:00:06.50,23.8563,121.5107,8.32,5.73,99,8.60,68,0.34,0.10,0.10,F,263,C
2020-02-25,11:14:02.11,24.3915,121.4062,5.13,5.30,99,5.70,34,0.39,0.10,0.20,F,277,C
2020-05-03,03:24:40.90,23.2423,121.5680,40.25,5.97,99,14.50,99,0.32,0.20,0.10,F,313,C
2020-05-24,22:31:30.49,24.3590,121.9538,23.78,5.24,99,18.90,66,0.50,0.10,0.10,F,262,C
2020-06-26,23:27:44.89,23.0502,120.8377,5.37,5.05,99,14.30,30,0.33,0.10,0.20,F,330,C
2020-09-28,20:50:54.71,22.3830,121.0205,11.50,5.37,99,12.30,67,0.38,0.20,0.10,F,244,C
2020-09-29,01:14:17.15,22.3747,121.0203,11.67,5.08,99,12.10,67,0.43,0.20,0.10,F,217,C
2020-10-17,15:03:13.62,23.2762,120.3765,15.80,5.31,99,12.90,21,0.40,0.10,0.20,F,258,B
2020-11-05,18:36:12.16,22.5997,121.3718,25.85,5.43,99,27.90,112,0.46,0.10,0.20,F,267,C
2020-12-10,18:15:08.56,24.5285,121.9720,62.74,5.75,99,14.00,59,0.26,0.10,0.10,F,358,B
2020-12-10,05:29:38.58,23.4532,121.5533,38.02,5.43,99,18.40,117,0.31,0.10,0.10,F,295,C
2021-01-16,23:10:59.29,22.5413,121.3513,21.10,5.51,99,18.90,118,0.36,0.20,0.20,F,213,C
2021-01-28,07:29:31.83,22.5410,120.9815,9.12,5.16,99,6.40,96,0.40,0.10,0.10,F,210,C
2021-02-17,18:38:48.66,22.2397,121.3843,21.68,5.25,99,28.60,108,0.44,0.10,0.30,F,276,C
2021-02-22,01:50:49.76,22.6213,121.5595,107.89,5.31,99,10.90,140,0.33,0.20,0.10,F,316,C
2021-04-18,14:14:37.80,23.8592,121.4800,14.42,6.26,99,6.50,45,0.26,0.10,0.10,F,322,B
2021-04-18,14:11:39.58,23.8712,121.4847,16.30,5.80,99,7.90,66,0.26,0.10,0.10,F,309,B
2021-05-25,16:48:00.50,23.9385,121.4888,20.19,5.01,99,3.00,28,0.31,0.10,0.10,F,264,B
2021-06-11,05:12:48.90,23.9028,121.5247,11.32,5.12,99,7.70,24,0.28,0.10,0.10,F,281,B
2021-06-11,07:33:26.31,23.8903,121.5300,10.62,5.46,99,7.50,23,0.28,0.10,0.10,F,266,B
2021-06-11,21:58:58.61,22.6543,121.0592,5.93,5.33,99,11.90,55,0.33,0.10,0.10,F,286,C
2021-06-20,14:50:13.51,23.7933,121.4727,10.77,5.03,99,3.80,25,0.30,0.10,0.10,F,322,B
2021-07-07,22:11:55.57,23.8923,121.5672,8.24,5.51,99,3.80,31,0.46,0.20,0.10,F,266,B
2021-07-07,11:24:58.53,23.8928,121.5702,6.79,5.46,99,3.50,33,0.37,0.10,0.10,F,284,B
2021-07-13,23:45:27.20,23.9342,121.6320,5.37,5.12,99,4.60,46,0.35,0.10,0.10,F,269,B
2021-07-13,22:59:24.54,23.9263,121.6328,7.05,5.08,99,4.00,45,0.42,0.10,0.10,F,261,B
2021-07-13,22:52:05.27,23.9350,121.5997,8.66,5.43,99,3.50,47,0.33,0.10,0.10,F,288,B
2021-08-06,11:12:30.52,23.1585,121.2915,7.20,5.40,99,4.50,47,0.35,0.10,0.10,F,272,B
2021-09-13,10:41:27.69,24.1233,121.0128,46.10,5.61,99,12.60,24,0.27,0.10,0.10,F,328,B
2021-09-25,22:21:19.63,24.3170,121.6832,46.13,5.78,99,2.00,43,0.32,0.20,0.20,F,289,B
2021-10-18,05:49:18.63,24.2002,121.6702,31.40,5.25,99,6.70,29,0.28,0.10,0.10,F,268,B
2021-10-23,03:16:04.62,24.0678,121.6518,26.80,5.33,99,5.00,49,0.32,0.10,0.10,F,209,B
2021-10-24,05:12:42.65,24.5677,121.7768,64.13,5.58,96,6.90,33,0.28,0.30,0.20,F,165,B
2021-10-24,05:11:34.67,24.5333,121.7752,65.60,6.54,99,8.40,34,0.26,0.20,0.20,F,304,B
2021-11-14,13:05:15.20,24.5743,121.9350,66.22,5.45,99,8.60,74,0.36,0.20,0.10,F,297,B
2022-01-25,14:35:53.13,24.6282,121.9508,64.74,5.10,99,9.50,80,0.34,0.20,0.10,F,315,B
2022-02-07,10:58:25.12,24.4053,121.9435,34.59,5.62,99,17.40,70,0.51,0.20,0.10,F,312,C
2022-03-09,12:22:14.02,23.2552,121.4280,33.37,5.71,99,7.20,54,0.37,0.20,0.20,F,301,B
2022-03-19,15:23:42.80,23.6370,120.6875,14.84,5.17,99,4.50,22,0.22,0.10,0.10,F,328,B
2022-03-22,17:06:55.19,22.0250,121.3625,25.95,5.55,99,20.10,91,0.40,0.30,0.30,F,276,C
2022-03-22,17:41:38.85,23.3985,121.6118,25.73,6.70,99,18.80,45,0.44,0.60,0.50,F,263,A
2022-03-22,17:42:38.87,23.4397,121.4870,28.41,5.79,84,14.10,123,0.33,0.20,0.20,F,129,C
2022-03-22,17:43:25.40,23.4230,121.4277,22.63,6.21,99,11.50,116,0.40,0.10,0.20,F,224,C
2022-03-22,18:11:34.48,23.4038,121.4490,23.35,5.08,99,9.70,95,0.28,0.10,0.10,F,282,B
2022-03-22,18:37:50.77,23.4223,121.5225,35.71,5.51,99,13.80,36,0.32,0.10,0.10,F,315,B
2022-03-22,19:35:03.93,23.4812,121.5007,28.88,5.87,99,15.90,55,0.27,0.10,0.20,F,298,B
2022-03-22,20:29:59.12,23.4190,121.4300,22.57,6.04,99,11.60,42,0.29,0.10,0.10,F,317,B
2022-03-22,21:41:08.12,23.3330,121.4178,19.32,5.03,99,3.90,46,0.24,0.10,0.10,F,285,B
2022-03-24,00:38:26.08,23.4442,121.4320,25.00,5.71,99,10.40,43,0.40,0.20,0.20,F,305,B
2022-04-23,17:53:48.16,24.6327,121.8248,69.25,5.12,99,4.40,44,0.21,0.10,0.10,F,343,B
2022-06-20,01:05:07.78,23.6855,121.4543,7.00,6.09,99,3.30,92,0.32,0.10,0.10,F,339,C
2022-06-20,01:05:47.27,23.6905,121.4223,7.89,5.27,55,2.40,96,0.28,0.10,0.10,F,92,B
2022-06-20,01:39:42.95,23.7267,121.4645,9.46,5.15,99,7.40,64,0.35,0.10,0.10,F,294,B
2022-06-25,02:27:19.77,23.6415,121.4042,9.36,5.05,99,3.80,76,0.27,0.10,0.10,F,307,B
2022-06-25,13:34:35.01,23.6210,121.4170,9.98,5.26,99,5.40,83,0.30,0.20,0.10,F,321,B
2022-06-27,20:07:01.04,22.0625,120.1955,42.92,5.07,99,36.20,134,0.31,0.20,0.10,F,266,C
2022-06-27,22:03:22.54,22.0512,120.1620,41.77,5.04,99,39.10,135,0.30,0.30,0.20,F,223,C
2022-06-28,13:34:59.30,22.0152,120.1845,42.75,5.10,99,41.30,138,0.30,0.30,0.20,F,211,C
2022-06-28,13:43:30.31,22.0050,120.2115,42.92,5.48,99,41.20,139,0.31,0.10,0.10,F,329,C
2022-07-24,00:32:34.85,23.2540,121.4897,34.96,5.25,99,7.90,96,0.33,0.20,0.20,F,315,C
2022-07-28,00:16:16.22,22.9795,121.3598,42.30,5.46,99,5.70,98,0.36,0.20,0.10,F,318,C
2022-09-14,01:35:51.63,22.4935,121.3690,19.19,5.33,99,22.40,99,0.38,0.20,0.30,F,295,C
2022-09-17,14:45:28.18,23.1167,121.1937,5.84,5.84,99,3.50,35,0.37,0.10,0.10,F,319,B
2022-09-17,14:35:14.17,23.0995,121.1783,9.88,5.40,99,4.20,37,0.32,0.10,0.10,F,312,B
2022-09-17,13:55:41.90,23.1115,121.1792,7.39,5.26,99,4.50,31,0.34,0.10,0.10,F,304,B
2022-09-17,13:41:19.11,23.0840,121.1608,8.61,6.60,99,6.10,45,0.35,0.10,0.10,F,264,B
2022-09-18,09:39:55.86,23.2713,121.2985,11.49,5.85,99,8.10,67,0.30,0.10,0.10,F,241,B
2022-09-18,08:46:31.88,23.1213,121.1768,13.94,5.64,99,4.30,28,0.29,0.10,0.10,F,329,B
2022-09-18,06:57:35.43,23.1285,121.1968,5.71,5.32,99,2.40,41,0.32,0.10,0.10,F,291,B
2022-09-18,06:44:57.51,23.0723,121.1478,7.90,5.39,7,10.40,101,0.09,0.70,0.40,F,11,B
2022-09-18,06:44:15.25,23.1370,121.1958,7.81,6.83,99,1.70,36,0.34,0.20,0.20,F,206,B
2022-09-18,06:32:03.31,23.1408,121.1950,7.81,5.70,99,1.40,37,0.32,0.10,0.10,F,329,B
2022-09-18,05:19:19.39,23.1305,121.1817,12.13,6.15,99,3.20,34,0.31,0.10,0.10,F,323,B
2022-09-18,01:52:34.29,23.0860,121.3047,13.93,5.01,99,7.10,60,0.35,0.10,0.10,F,276,B
2022-09-19,02:07:45.11,23.4410,121.2995,13.38,6.02,99,7.50,65,0.36,0.10,0.10,F,337,B
2022-10-02,20:25:22.27,23.4872,121.4785,24.84,5.36,99,5.60,100,0.30,0.10,0.10,F,341,B
2022-10-10,12:17:51.72,23.6092,121.5333,31.24,5.38,99,11.00,89,0.26,0.10,0.10,F,339,B
2022-10-31,08:48:27.85,22.9067,121.2102,8.73,5.17,99,8.20,54,0.37,0.10,0.10,F,239,B
2022-11-13,01:47:44.94,22.4408,121.0037,10.67,5.52,99,13.90,35,0.38,0.10,0.10,F,273,C
2022-11-15,11:53:21.37,22.4022,121.0263,10.55,5.11,99,13.60,52,0.31,0.20,0.10,F,241,C
2022-11-20,01:49:41.87,24.6543,121.9508,68.91,5.13,99,10.60,90,0.34,0.20,0.20,F,288,C
2022-11-26,17:38:04.22,23.8575,121.6365,35.96,5.64,99,6.20,85,0.27,0.10,0.10,F,359,B
2022-12-07,16:54:28.18,23.7967,121.6013,29.72,5.67,99,4.10,83,0.29,0.10,0.10,F,340,B
2022-12-15,04:03:16.42,23.7787,121.8450,16.30,6.51,99,28.40,116,0.41,0.20,0.20,F,322,C
2022-12-22,04:36:32.28,22.5355,120.9847,8.61,5.31,99,7.10,38,0.31,0.10,0.10,F,273,B
2022-12-23,21:17:59.14,23.1267,121.1775,13.92,5.25,99,3.80,33,0.30,0.10,0.10,F,347,B
2023-02-06,20:20:17.36,24.2727,121.7600,22.08,5.19,99,4.00,53,0.29,0.10,0.10,F,343,B
2023-02-08,10:49:59.93,23.4445,121.5488,36.70,5.60,99,13.80,71,0.27,0.20,0.10,F,362,B
2023-02-11,11:35:49.16,23.4318,121.5337,34.20,5.21,99,13.10,70,0.29,0.20,0.20,F,322,B
2023-02-18,15:49:09.47,23.7087,120.7663,21.44,5.17,99,9.00,13,0.27,0.10,0.10,F,345,B
2023-03-03,14:48:44.29,24.8585,121.9062,108.71,5.07,99,4.20,44,0.26,0.20,0.20,F,345,B
2023-03-21,01:45:20.43,23.6413,121.3063,8.54,5.46,99,11.70,54,0.35,0.10,0.20,F,332,C
2023-05-04,15:38:20.90,23.4492,121.3007,14.08,5.10,99,6.30,63,0.30,0.10,0.10,F,354,B
2023-06-10,09:12:33.83,22.8717,120.6443,15.99,5.07,99,13.50,15,0.33,0.10,0.10,F,320,B
2023-06-10,05:31:53.48,22.8562,120.6553,18.34,5.49,99,12.50,16,0.28,0.10,0.10,F,341,B
2023-07-09,22:11:33.64,24.0522,121.5135,20.06,5.32,99,9.80,29,0.30,0.10,0.10,F,349,B
2023-08-10,02:02:17.21,24.7942,121.9490,91.23,5.02,99,5.30,53,0.23,0.20,0.20,F,343,B
2023-09-05,09:30:41.21,23.5255,120.3852,9.94,5.58,99,5.80,18,0.26,0.10,0.10,F,284,B
2023-09-15,10:34:30.78,24.3835,121.8283,43.09,5.30,99,8.50,56,0.26,0.10,0.10,F,321,B
2023-10-11,10:36:57.46,23.2737,121.2440,14.53,5.88,99,9.70,68,0.35,0.10,0.10,F,351,B
2023-11-10,16:54:39.94,23.4580,121.5703,39.05,5.50,99,15.40,101,0.29,0.20,0.20,F,284,B
2024-01-28,18:11:22.69,23.6488,121.2793,6.88,5.38,99,15.20,54,0.36,0.10,0.40,F,342,C
2024-01-28,18:11:55.69,23.6380,121.2750,6.60,5.13,99,15.80,74,0.44,0.20,0.50,F,258,C
2024-02-24,04:37:08.96,23.6352,121.5765,22.37,5.03,99,8.60,61,0.30,0.10,0.10,F,328,B
2024-02-29,05:26:27.80,23.4577,120.2798,16.80,5.09,99,1.40,37,0.29,0.10,0.10,F,349,B
2024-03-19,11:20:29.59,23.8215,121.7720,18.93,5.06,99,19.60,88,0.37,0.20,0.10,F,345,C
2024-03-21,10:49:52.88,24.0770,121.5252,21.31,5.36,99,8.10,40,0.30,0.10,0.10,F,353,B
2024-04-02,23:58:09.94,23.8757,121.5735,19.72,7.19,99,4.20,105,0.45,0.50,0.40,F,277,B
2024-04-03,19:46:53.37,23.8093,121.7717,19.46,5.02,99,20.20,105,0.32,0.20,0.20,F,398,C
2024-04-03,18:29:48.51,23.8137,121.7618,19.23,5.46,99,19.10,104,0.31,0.20,0.20,F,261,C
2024-04-03,15:55:12.47,24.2455,121.6777,13.65,5.10,99,9.80,147,0.30,0.10,0.10,F,252,C
2024-04-03,15:42:36.26,24.1688,121.6778,18.78,5.10,99,5.70,61,0.37,0.10,0.10,F,341,B
2024-04-03,15:39:10.05,24.1648,121.6802,19.38,5.13,99,5.90,54,0.31,0.10,0.10,F,330,B
2024-04-03,08:38:01.73,23.7477,121.5263,18.47,5.00,99,4.90,76,0.35,0.10,0.10,F,219,B
2024-04-03,05:23:52.90,24.1057,121.6678,41.01,5.13,99,7.50,77,0.37,0.20,0.20,F,288,B
2024-04-03,04:34:44.98,24.0380,121.6558,41.11,5.39,99,8.20,86,0.26,0.20,0.10,F,342,B
2024-04-03,03:57:18.81,23.8135,121.6010,27.83,5.29,99,4.90,80,0.33,0.10,0.10,F,317,B
2024-04-03,03:20:55.19,24.1620,121.6417,32.80,5.22,99,1.90,52,0.37,0.20,0.10,F,317,B
2024-04-03,02:28:27.35,24.2247,121.7970,24.32,5.40,29,10.50,187,0.29,0.30,0.30,F,37,C
2024-04-03,02:28:17.50,24.2053,121.7863,9.27,5.39,99,12.10,95,0.37,0.10,0.10,F,282,C
2024-04-03,02:23:25.57,24.1483,121.6555,18.07,5.04,99,3.50,73,0.30,0.10,0.10,F,325,B
2024-04-03,02:16:04.44,24.1308,121.9517,24.81,5.08,90,28.50,117,0.37,0.50,0.40,F,152,B
2024-04-03,02:14:34.94,24.1468,121.9762,26.90,6.24,99,29.30,79,0.40,0.20,0.20,F,313,C
2024-04-03,01:53:58.45,23.8707,121.5437,15.86,5.27,99,6.90,114,0.36,0.10,0.10,F,264,C
2024-04-03,01:49:41.43,23.7737,121.8107,15.50,5.28,99,25.30,115,0.44,0.30,0.30,F,220,C
2024-04-03,01:39:48.60,23.7948,121.8143,13.85,5.98,93,24.80,112,0.49,0.30,0.30,F,112,C
2024-04-03,01:39:37.21,23.8047,121.7730,20.40,5.66,99,20.60,107,0.35,0.20,0.20,F,264,C
2024-04-03,01:17:43.49,24.0422,121.6705,35.74,5.21,99,9.40,87,0.33,0.20,0.10,F,264,B
2024-04-03,01:09:37.75,24.1820,121.6885,9.68,5.48,99,7.20,107,0.33,0.20,0.10,F,245,C
2024-04-03,01:09:27.56,24.1068,121.7725,27.53,5.02,99,16.30,91,0.23,0.20,0.10,F,217,B
2024-04-03,01:07:16.47,24.0498,121.7015,21.81,5.05,99,12.10,92,0.34,0.20,0.10,F,244,C
2024-04-03,00:50:46.34,23.8293,121.5722,20.46,5.52,99,4.70,84,0.36,0.10,0.10,F,241,B
2024-04-03,00:46:51.99,24.1738,121.6168,10.80,5.49,19,1.80,118,0.18,0.50,0.20,F,27,B
2024-04-03,00:46:44.86,24.1853,121.7002,6.09,5.61,99,8.40,105,0.35,0.20,0.10,F,246,C
2024-04-03,00:43:55.03,23.9857,121.5425,9.45,5.48,99,5.50,48,0.29,0.10,0.10,F,303,B
2024-04-03,00:35:36.88,24.2005,121.7062,7.32,5.79,99,9.60,100,0.37,0.20,0.20,F,262,C
2024-04-03,00:31:14.56,23.9222,121.5993,25.13,5.25,99,2.10,83,0.29,0.10,0.10,F,299,B
2024-04-03,00:17:37.13,24.0360,121.6992,31.13,5.48,99,11.00,80,0.27,0.10,0.10,F,352,B
2024-04-03,00:12:54.02,24.1577,121.6450,7.74,5.28,75,19.80,150,0.28,0.40,0.60,F,106,C
2024-04-03,00:11:26.39,24.1300,121.6513,13.44,6.56,99,17.60,79,0.34,0.10,0.20,F,292,C
2024-04-03,00:04:44.77,24.1603,121.6862,36.67,5.18,99,17.70,108,0.30,0.10,0.10,F,286,C
2024-04-03,00:03:47.62,23.9670,121.6628,32.96,5.06,89,5.10,181,0.37,0.20,0.20,F,169,D
2024-04-03,00:02:23.81,24.1727,121.6590,33.30,5.08,80,17.70,94,0.25,0.20,0.20,F,144,B
2024-04-03,00:01:51.02,24.0083,121.6590,37.02,5.41,99,5.90,107,0.29,0.20,0.20,F,254,B
2024-04-03,00:00:19.33,23.8075,121.5847,30.72,5.71,77,3.10,176,0.31,0.30,0.20,F,135,C
2024-04-04,18:35:02.65,24.1718,121.6563,30.90,5.53,99,3.70,84,0.33,0.20,0.20,F,244,B
2024-04-04,14:30:06.54,24.2472,121.7782,15.02,5.26,99,7.50,81,0.37,0.10,0.10,F,327,B
2024-04-05,04:50:51.64,24.1180,121.6968,17.99,5.50,99,8.80,55,0.33,0.10,0.10,F,409,B
2024-04-05,06:12:48.08,23.8338,121.5370,7.03,5.16,99,5.80,72,0.43,0.10,0.10,F,252,B
2024-04-05,20:26:27.78,23.9668,121.7500,25.96,5.46,99,13.90,93,0.29,0.20,0.20,F,266,B
2024-04-06,03:52:55.30,24.1908,121.7282,20.47,5.33,99,11.30,74,0.35,0.10,0.10,F,340,B
2024-04-06,10:47:13.53,23.9365,121.6660,34.03,5.39,99,6.80,91,0.35,0.20,0.10,F,303,C
2024-04-06,15:53:11.85,24.1950,121.8497,22.05,5.14,99,16.30,185,0.30,0.10,0.10,F,233,D
2024-04-06,21:15:10.18,24.0400,121.7223,21.49,5.22,99,12.80,80,0.35,0.10,0.10,F,399,B
2024-04-07,10:01:22.14,24.1607,121.9708,41.70,5.63,99,27.90,77,0.46,0.20,0.20,F,341,B
2024-04-07,22:49:29.88,24.2400,121.8628,23.95,5.00,99,13.90,68,0.30,0.10,0.10,F,334,B
2024-04-08,05:09:35.10,24.2157,121.8228,24.46,5.21,99,12.80,74,0.34,0.10,0.10,F,320,B
2024-04-08,18:02:37.25,23.9365,121.6558,35.36,5.49,99,6.00,96,0.28,0.20,0.10,F,319,B
2024-04-08,22:14:08.22,23.9920,121.6963,27.60,5.04,97,8.60,97,0.25,0.20,0.20,F,161,B
2024-04-12,18:44:36.55,23.3583,120.2020,11.21,5.02,99,2.40,51,0.26,0.10,0.10,F,336,B
2024-04-13,14:26:36.97,24.0273,121.5448,13.50,5.00,99,8.50,47,0.34,0.10,0.10,F,328,B
2024-04-16,18:59:50.29,24.1277,121.7525,31.49,5.20,99,13.60,81,0.33,0.20,0.10,F,345,B
2024-04-17,09:17:10.83,23.9235,121.6565,33.78,5.42,99,6.00,100,0.32,0.20,0.10,F,349,C
2024-04-21,02:40:56.77,23.5330,121.5578,35.52,5.64,99,14.40,87,0.30,0.10,0.10,F,355,B
2024-04-21,16:35:52.17,24.1933,121.6653,32.19,5.42,99,5.80,75,0.32,0.20,0.20,F,213,B
2024-04-22,09:08:39.72,23.7555,121.5405,10.32,5.60,99,4.20,83,0.28,0.10,0.10,F,329,B
2024-04-22,09:12:10.76,23.7867,121.5410,7.98,5.33,99,2.20,83,0.40,0.10,0.10,F,311,B
2024-04-22,09:15:59.37,23.7705,121.5158,4.94,5.10,99,5.10,74,0.43,0.10,0.10,F,297,C
2024-04-22,09:17:10.18,23.7717,121.5223,7.40,5.05,99,4.50,98,0.40,0.10,0.10,F,289,C
2024-04-22,09:52:55.09,23.7748,121.5807,9.52,5.27,99,2.30,90,0.34,0.10,0.10,F,301,B
2024-04-22,10:46:22.81,23.7597,121.5323,5.38,5.51,99,4.40,81,0.44,0.10,0.10,F,268,B
2024-04-22,10:49:06.88,23.7540,121.5305,6.64,5.24,99,4.90,121,0.44,0.20,0.20,F,177,C
2024-04-22,10:50:31.52,23.7500,121.5450,6.80,5.77,99,4.50,94,0.35,0.10,0.10,F,283,C
2024-04-22,11:13:12.35,23.8232,121.5335,8.15,5.49,99,4.90,61,0.37,0.10,0.10,F,331,B
2024-04-22,11:22:08.11,23.7762,121.5087,7.86,5.05,99,5.60,80,0.40,0.10,0.10,F,218,B
2024-04-22,11:25:57.07,23.7343,121.5325,5.08,5.24,99,3.30,121,0.51,0.20,0.20,F,192,C
2024-04-22,11:45:35.95,23.7172,121.5417,3.78,5.10,99,1.20,124,0.41,0.10,0.10,F,295,C
2024-04-22,13:13:40.11,23.6975,121.5302,5.93,5.44,99,2.10,92,0.35,0.10,0.20,F,341,C
2024-04-22,14:11:24.56,23.7752,121.5020,8.58,5.97,99,6.30,66,0.29,0.10,0.10,F,305,B
2024-04-22,18:26:52.91,23.7400,121.6127,9.20,6.16,99,7.30,109,0.28,0.10,0.10,F,276,B
2024-04-22,18:32:48.82,23.8482,121.5208,7.74,6.22,99,8.00,76,0.35,0.10,0.10,F,318,C
2024-04-22,19:19:54.61,23.8642,121.5548,7.85,5.26,99,6.50,83,0.41,0.10,0.10,F,343,B
2024-04-22,19:20:11.37,23.8662,121.5432,10.27,5.21,62,7.20,120,0.37,0.20,0.20,F,96,C
2024-04-22,19:28:32.49,23.7957,121.5352,5.39,5.15,99,2.90,84,0.48,0.20,0.10,F,229,B
2024-04-22,19:34:05.57,23.7847,121.5595,6.82,5.02,99,0.50,122,0.35,0.10,0.10,F,201,C
2024-04-22,20:03:07.92,23.8280,121.6040,8.12,5.24,99,6.10,85,0.35,0.10,0.10,F,393,B
2024-04-22,20:49:58.06,23.7360,121.5643,8.83,5.86,99,3.60,94,0.41,0.10,0.10,F,317,C
2024-04-22,20:52:56.60,23.7713,121.5180,6.70,5.41,99,4.90,93,0.46,0.10,0.10,F,349,C
2024-04-22,20:53:29.07,23.7668,121.5097,4.87,5.18,93,5.90,89,0.45,0.10,0.20,F,164,C
2024-04-22,21:04:21.85,23.7037,121.5075,3.97,5.52,99,4.10,81,0.33,0.10,0.10,F,322,B
2024-04-22,21:14:47.05,23.7502,121.5227,5.69,5.15,99,5.30,110,0.40,0.10,0.10,F,209,C
2024-04-22,21:19:36.03,23.7788,121.5513,9.71,5.34,99,1.50,86,0.27,0.10,0.10,F,242,B
2024-04-22,21:19:43.55,23.7573,121.5370,5.80,5.73,99,4.20,88,0.36,0.20,0.20,F,227,B
2024-04-22,21:24:31.24,23.7313,121.5283,6.72,5.36,99,3.30,115,0.48,0.10,0.10,F,339,C
2024-04-22,21:31:39.47,23.8518,121.5408,7.70,5.76,99,7.50,78,0.34,0.10,0.10,F,258,B
2024-04-22,21:31:44.11,23.7928,121.5095,11.90,5.49,11,5.50,61,0.26,0.80,0.80,F,15,A
2024-04-23,00:04:05.90,23.8352,121.5715,11.68,6.14,99,5.40,77,0.41,0.20,0.10,F,340,B
2024-04-23,00:04:24.41,23.9052,121.5492,7.01,5.41,24,5.30,94,0.29,0.30,0.40,F,37,B
2024-04-23,00:11:01.91,23.8878,121.5897,11.61,5.21,99,2.10,124,0.36,0.10,0.10,F,257,C
2024-04-23,01:45:45.53,23.8140,121.5745,7.38,5.48,99,3.20,81,0.47,0.10,0.10,F,335,B
2024-04-23,02:21:00.90,23.8590,121.5412,8.86,5.52,99,7.90,81,0.39,0.10,0.10,F,331,B
2024-04-24,07:30:53.17,23.8035,121.5645,7.29,5.08,99,1.80,89,0.37,0.10,0.10,F,380,B
2024-04-26,12:28:12.34,23.7998,121.5400,5.05,5.00,99,2.70,62,0.47,0.10,0.20,F,263,B
2024-04-26,18:21:24.09,24.1828,121.6748,35.54,6.31,99,5.90,51,0.29,0.20,0.20,F,341,B
2024-04-26,18:49:29.32,24.2505,121.6865,29.43,6.00,99,9.10,75,0.30,0.10,0.10,F,354,B
2024-04-26,19:13:28.44,24.1912,121.6620,33.20,5.08,99,5.40,64,0.32,0.20,0.10,F,281,B
2024-04-28,17:40:21.58,24.1490,121.6635,37.10,5.12,99,4.30,55,0.28,0.20,0.10,F,354,B
2024-05-02,02:07:27.98,22.4817,121.4700,18.88,5.18,99,21.20,100,0.35,0.20,0.20,F,268,C
2024-05-06,09:45:32.16,23.7658,121.5623,27.71,6.05,99,2.40,98,0.27,0.20,0.10,F,332,B
2024-05-06,09:52:46.26,23.7533,121.5408,24.75,5.93,99,4.40,96,0.30,0.10,0.10,F,349,C
2024-05-10,01:35:39.25,23.7115,121.5917,8.23,5.23,99,4.50,98,0.28,0.10,0.10,F,358,B
2024-05-10,01:37:22.78,23.8540,121.6073,6.66,5.17,99,5.50,93,0.30,0.10,0.10,F,362,C
2024-05-10,07:45:18.04,24.2315,121.8342,7.72,6.01,99,12.20,96,0.35,0.20,0.20,F,305,C
2024-05-11,05:16:02.39,23.8663,121.6287,6.46,5.07,99,4.90,73,0.40,0.10,0.10,F,332,B
2024-05-11,09:44:39.80,24.0408,121.7340,27.80,5.09,99,13.90,65,0.32,0.10,0.10,F,358,B
2024-05-22,08:00:40.76,23.8287,121.7385,5.91,5.37,99,16.20,104,0.35,0.20,0.10,F,313,C
2024-05-24,17:07:10.99,24.1953,121.7400,23.47,5.04,99,12.60,74,0.38,0.10,0.10,F,330,B
2024-05-29,23:54:45.80,24.0015,121.7542,26.65,5.30,99,14.60,70,0.30,0.20,0.10,F,361,B
2024-05-30,01:11:39.70,24.1917,121.6512,32.25,5.39,99,4.70,84,0.34,0.20,0.20,F,325,B
2024-05-30,15:52:17.31,23.9630,121.6490,37.45,5.03,99,3.80,70,0.30,0.10,0.10,F,371,B
2024-05-31,17:10:59.42,24.0605,121.5332,18.13,5.54,99,7.60,53,0.34,0.10,0.10,F,337,B
2024-06-01,00:32:39.40,24.3680,121.9910,22.16,5.06,99,23.30,73,0.42,0.10,0.10,F,348,C
2024-06-11,21:51:33.29,23.7928,121.6118,33.15,5.03,99,5.00,103,0.37,0.20,0.20,F,282,C
2024-06-18,03:46:58.74,24.1567,121.7490,17.59,5.03,99,12.80,63,0.33,0.10,0.10,F,369,B
2024-06-23,14:27:09.97,23.8317,121.6188,23.77,5.55,99,7.50,82,0.33,0.20,0.10,F,294,B
2024-07-26,02:23:59.97,24.1430,121.6593,40.91,5.18,99,4.10,74,0.33,0.20,0.20,F,291,B
2024-08-15,09:06:46.11,24.4027,121.8707,12.00,5.82,99,10.50,61,0.26,0.10,0.10,F,343,B
2024-08-15,23:35:55.24,23.7828,121.7050,19.36,6.37,99,14.50,101,0.28,0.30,0.10,F,272,B
2024-08-17,13:10:12.07,24.4133,121.8655,12.49,5.14,99,9.50,75,0.29,0.10,0.10,F,365,B
2024-08-28,20:14:52.91,24.1753,121.6630,26.95,5.09,99,4.50,103,0.31,0.10,0.10,F,341,C
2024-08-31,18:21:42.47,23.8210,121.6627,24.62,5.16,99,10.80,102,0.28,0.10,0.10,F,352,B
2024-09-02,08:26:25.17,23.9255,121.6402,32.68,5.63,99,4.60,102,0.30,0.10,0.10,F,325,C
2024-09-07,05:16:50.74,23.9572,121.6922,29.49,5.35,99,8.20,102,0.30,0.20,0.10,F,337,C
2024-09-11,13:41:10.67,23.9113,121.6447,41.63,5.01,99,4.50,98,0.26,0.10,0.10,F,360,B
2024-09-13,04:59:33.79,23.9587,121.6963,29.16,5.03,99,8.60,107,0.29,0.20,0.10,F,314,B
2024-09-21,10:51:08.93,24.2502,121.6693,22.64,5.38,99,9.50,85,0.33,0.10,0.10,F,335,B
2024-10-14,13:17:15.99,24.2027,121.8097,31.20,5.13,99,13.30,79,0.30,0.10,0.10,F,339,B
2024-10-16,13:58:21.56,24.0357,121.6578,35.77,5.38,99,7.40,84,0.31,0.10,0.10,F,335,B
2024-10-27,10:21:45.05,24.0125,121.6213,31.47,5.45,99,4.20,86,0.31,0.10,0.10,F,322,B
2024-10-31,16:18:19.41,23.5625,121.5390,33.14,5.50,99,16.40,95,0.30,0.10,0.10,F,253,C
2024-11-06,17:19:39.92,23.5643,121.5512,32.52,5.56,99,15.90,92,0.28,0.10,0.10,F,303,B
2024-11-14,02:38:16.96,23.9023,121.6213,33.23,5.46,99,2.00,96,0.28,0.10,0.10,F,329,B
2024-11-22,12:40:17.79,23.1897,120.2015,13.99,5.53,99,1.70,52,0.31,0.10,0.10,F,310,B
2024-11-27,15:32:24.26,24.0757,121.6687,40.33,5.36,99,6.60,91,0.32,0.20,0.10,F,321,C
2024-12-26,08:08:51.59,23.9620,121.7080,26.19,5.31,99,9.70,91,0.31,0.10,0.10,F,335,C
2024-12-29,19:51:36.07,23.5383,120.6845,15.08,5.20,99,6.60,16,0.31,0.10,0.10,F,352,B
2025-01-11,20:27:09.89,23.7973,121.4622,11.34,5.01,99,2.60,51,0.35,0.10,0.10,F,331,B
2025-01-20,16:17:26.98,23.2217,120.5467,15.77,6.44,99,4.50,20,0.27,0.10,0.10,F,331,B
2025-01-20,16:26:25.73,23.1820,120.5273,12.73,5.00,99,11.90,27,0.30,0.10,0.10,F,363,B
2025-01-20,17:42:31.76,23.1662,120.5722,14.22,5.13,99,9.70,27,0.32,0.10,0.10,F,294,B
2025-01-24,11:18:42.42,23.1588,120.5103,15.70,5.41,99,3.40,27,0.29,0.10,0.10,F,321,B
2025-01-24,22:01:57.08,23.1660,120.5023,15.22,5.19,99,6.00,19,0.28,0.10,0.10,F,317,B
2025-01-25,11:49:17.28,23.2572,120.4997,9.20,5.79,99,4.10,20,0.29,0.10,0.10,F,345,B
2025-01-25,16:10:50.91,22.8205,120.6782,18.56,5.43,99,9.30,36,0.31,0.10,0.10,F,331,B
2025-01-25,23:38:53.11,23.1613,120.5143,14.40,5.84,99,3.00,19,0.28,0.10,0.10,F,314,B
2025-01-27,00:18:50.38,22.7688,121.0303,6.66,5.34,99,7.40,46,0.33,0.10,0.10,F,267,C
2025-01-30,02:11:54.24,23.2347,120.5832,12.09,5.68,99,4.10,22,0.28,0.10,0.10,F,312,B
2025-02-07,16:46:58.08,23.2773,120.5890,11.41,5.30,99,4.90,13,0.29,0.10,0.10,F,336,B
2025-03-05,13:27:39.21,23.1493,120.4970,15.95,5.25,99,5.10,26,0.28,0.10,0.10,F,324,B
2025-03-13,05:09:39.48,23.1102,121.4093,18.55,5.72,99,3.90,85,0.32,0.20,0.10,F,304,B
2025-03-25,01:40:48.59,23.9265,121.6245,34.80,5.23,99,3.40,98,0.32,0.20,0.10,F,335,C
2025-04-09,01:53:25.95,24.5877,121.8153,68.71,5.82,99,3.20,34,0.27,0.20,0.20,F,329,B
2025-05-05,10:53:27.51,23.9407,121.9208,22.31,5.99,99,31.50,113,0.28,0.20,0.30,F,292,B
2025-05-05,10:10:00.92,23.9440,121.9407,19.71,5.56,99,33.40,115,0.27,0.20,0.30,F,287,B
2025-06-11,16:01:04.55,23.4043,121.5322,34.79,5.11,99,9.00,94,0.29,0.20,0.10,F,315,B
2025-06-11,11:00:29.82,23.4257,121.5323,34.61,6.42,99,6.70,96,0.29,0.20,0.10,F,336,B
2025-06-23,18:00:57.19,23.7833,121.3857,23.58,5.06,99,6.50,37,0.30,0.10,0.10,F,327,B
2025-07-07,19:57:06.26,23.9393,121.4747,19.47,5.06,99,3.50,44,0.33,0.10,0.10,F,307,B
2025-07-07,12:01:28.12,24.5580,121.7683,62.05,5.08,99,7.90,33,0.26,0.20,0.10,F,299,B
2025-08-10,06:03:36.50,23.7597,121.5453,21.93,5.26,99,3.60,93,0.31,0.10,0.10,F,325,C
2025-08-19,01:26:08.40,23.9883,121.7167,25.77,5.09,99,10.60,89,0.29,0.20,0.10,F,273,B
2025-08-21,08:37:46.56,23.2565,120.5535,15.44,5.14,99,7.00,14,0.27,0.10,0.10,F,309,B
2025-08-22,06:06:15.24,23.1532,120.5287,16.92,5.49,99,3.50,17,0.31,0.10,0.10,F,331,B
2025-08-27,13:11:00.43,24.8665,121.8983,108.88,6.05,99,5.30,46,0.25,0.20,0.20,F,360,B
2025-10-07,23:52:13.01,23.9900,121.5502,10.53,5.18,99,6.40,49,0.31,0.10,0.10,F,277,B
2025-11-10,05:00:48.34,23.1840,120.6643,9.07,5.40,99,7.90,23,0.32,0.10,0.10,F,358,B
2025-12-08,11:24:57.17,23.8590,121.6222,24.52,5.80,99,5.40,103,0.29,0.10,0.10,F,342,B
2025-12-18,11:32:50.99,24.1158,121.7225,31.00,5.18,99,11.20,75,0.36,0.10,0.10,F,363,B
2025-12-24,09:47:06.20,22.8855,121.0723,9.20,6.07,99,6.40,52,0.28,0.10,0.10,F,257,B
2026-01-18,08:47:46.11,24.3230,121.8107,7.67,5.04,99,6.40,76,0.29,0.10,0.10,F,321,B
2026-02-24,04:37:15.14,24.6567,121.9048,63.99,5.68,99,7.00,64,0.28,0.20,0.10,F,334,B
2026-03-03,11:52:48.56,23.2078,120.4723,9.22,5.09,99,2.90,14,0.31,0.10,0.10,F,346,B
2026-03-12,12:14:13.78,23.7757,121.5510,23.39,5.78,99,1.80,93,0.30,0.10,0.10,F,350,B
2026-03-15,08:14:56.70,24.3528,121.9990,29.61,5.59,99,24.70,60,0.32,0.10,0.10,F,337,B
2026-03-20,13:32:42.44,23.8347,121.6112,36.53,5.20,99,7.20,99,0.28,0.10,0.10,F,352,B
2026-04-04,17:14:58.73,24.0437,121.6313,25.43,5.74,99,5.00,86,0.32,0.20,0.10,F,348,B
2026-05-08,19:26:39.35,24.6535,121.9998,70.83,5.00,99,15.00,71,0.28,0.20,0.20,F,322,B
2026-05-12,06:53:33.33,23.2922,121.4407,26.38,5.61,99,2.90,86,0.28,0.10,0.10,F,314,B
2026-05-13,10:43:30.89,24.0278,121.6147,23.24,5.10,99,5.80,97,0.30,0.10,0.10,F,309,C
2026-05-17,00:46:14.14,24.0065,120.9998,16.12,5.16,99,5.10,15,0.32,0.10,0.10,F,344,B
